<!DOCTYPE hibernate-configuration PUBLIC
        "-//Hibernate/Hibernate Configuration DTD 3.0//EN"
        "http://www.hibernate.org/dtd/hibernate-configuration-3.0.dtd">

<hibernate-configuration>

	<session-factory>

		<!-- JDBC Database connection settings -->
		<property name="connection.driver_class">org.postgresql.Driver</property>
		<property name="connection.url">jdbc:postgresql://localhost:5432/playtox_db</property>
		<property name="connection.username">postgres</property>
		<property name="connection.password">postgres</property>

		<!-- JDBC connection pool settings ... using built-in test pool -->
		<property name="connection.pool_size">10</property>

		<!-- Echo the SQL to stdout -->
		<property name="show_sql">true</property>

		<!-- Set the current session context -->
		<property name="current_session_context_class">thread</property>

		<!-- Drop and re-create the database schema on startup -->
		<property name="hbm2ddl.auto">validate</property>

		<!-- dbcp connection pool configuration -->
		<property name="hibernate.dbcp.initialSize">5</property>

		<mapping class="ru.terentyev.playtoxapp.entities.Person" />
		<mapping class="ru.terentyev.playtoxapp.entities.Product" />
		
	</session-factory>

</hibernate-configuration>